filename,width,height,class,xmin,ymin,xmax,ymax
101.jpg,600,400,pothole,138,299,288,352
102.jpg,800,533,pothole,187,329,553,468
102.jpg,800,533,pothole,604,365,792,533
102.jpg,800,533,pothole,594,208,800,319
103.jpg,768,500,pothole,225,254,408,350
103.jpg,768,500,pothole,35,250,153,280
103.jpg,768,500,pothole,1,390,157,441
103.jpg,768,500,pothole,482,193,585,239
103.jpg,768,500,pothole,427,158,501,179
103.jpg,768,500,pothole,540,71,613,88
103.jpg,768,500,pothole,644,60,723,91
103.jpg,768,500,pothole,1,143,76,171
104.jpg,660,654,pothole,1,57,100,93
104.jpg,660,654,pothole,13,99,240,280
104.jpg,660,654,pothole,289,86,470,154
104.jpg,660,654,pothole,437,129,656,199
104.jpg,660,654,pothole,501,209,608,261
104.jpg,660,654,pothole,425,294,540,416
104.jpg,660,654,pothole,199,481,364,593
105.jpg,225,300,pothole,85,152,183,211
106.jpg,1820,1024,pothole,295,596,616,709
106.jpg,1820,1024,pothole,384,756,708,858
106.jpg,1820,1024,pothole,841,656,1411,874
106.jpg,1820,1024,pothole,239,470,426,523
106.jpg,1820,1024,pothole,1048,885,1820,1024
106.jpg,1820,1024,pothole,375,924,736,1024
106.jpg,1820,1024,pothole,1424,209,1620,259
107.jpg,3200,1680,pothole,1921,1202,2427,1680
107.jpg,3200,1680,pothole,1283,10,1598,208
107.jpg,3200,1680,pothole,1581,312,1948,621
108.jpg,3200,1680,pothole,810,775,2275,1083
108.jpg,3200,1680,pothole,564,1048,2946,1641
108.jpg,3200,1680,pothole,708,618,1562,733
108.jpg,3200,1680,pothole,1212,427,1669,506
108.jpg,3200,1680,pothole,1189,314,1596,398
108.jpg,3200,1680,pothole,1654,335,1898,385
109.jpg,720,478,pothole,179,181,464,336
110.jpg,1297,599,pothole,126,149,365,228
110.jpg,1297,599,pothole,340,108,461,165
110.jpg,1297,599,pothole,387,159,1166,445
110.jpg,1297,599,pothole,633,75,759,100
110.jpg,1297,599,pothole,513,59,594,85
111.jpg,1293,917,pothole,469,358,827,583
111.jpg,1293,917,pothole,449,268,626,350
112.jpg,356,169,pothole,51,41,162,67
112.jpg,356,169,pothole,54,96,193,126
112.jpg,356,169,pothole,2,93,40,110
112.jpg,356,169,pothole,1,138,93,164
113.jpg,750,750,pothole,247,306,572,432
113.jpg,750,750,pothole,452,192,512,212
113.jpg,750,750,pothole,6,225,190,249
113.jpg,750,750,pothole,124,195,205,216
114.jpg,640,415,pothole,153,280,429,346
114.jpg,640,415,pothole,468,237,572,260
114.jpg,640,415,pothole,502,335,598,361
114.jpg,640,415,pothole,528,383,620,411
114.jpg,640,415,pothole,22,276,137,306
114.jpg,640,415,pothole,337,97,573,170
114.jpg,640,415,pothole,155,91,488,243
114.jpg,640,415,pothole,52,102,264,243
115.jpg,400,303,pothole,177,174,329,229
115.jpg,400,303,pothole,155,242,219,271
115.jpg,400,303,pothole,236,263,325,303
115.jpg,400,303,pothole,97,36,148,105
115.jpg,400,303,pothole,79,85,250,196
115.jpg,400,303,pothole,142,76,182,92
116.jpg,1297,855,pothole,394,199,1233,425
116.jpg,1297,855,pothole,33,509,319,706
116.jpg,1297,855,pothole,746,532,992,782
117.jpg,240,135,pothole,32,40,217,115
118.jpg,400,300,pothole,17,118,398,300
119.jpg,900,622,pothole,591,362,744,412
119.jpg,900,622,pothole,170,444,698,546
120.jpg,300,199,pothole,84,33,266,135
121.jpg,550,412,pothole,158,159,421,305
122.jpg,647,404,pothole,44,211,321,320
122.jpg,647,404,pothole,360,261,460,324
122.jpg,647,404,pothole,479,243,593,299
122.jpg,647,404,pothole,498,198,647,267
122.jpg,647,404,pothole,412,327,475,388
122.jpg,647,404,pothole,425,169,491,204
122.jpg,647,404,pothole,552,120,647,166
122.jpg,647,404,pothole,128,155,188,181
122.jpg,647,404,pothole,337,193,451,253
122.jpg,647,404,pothole,483,307,577,361
122.jpg,647,404,pothole,442,150,551,188
123.jpg,1100,825,pothole,299,442,890,606
125.jpg,620,407,pothole,46,92,594,395
126.jpg,400,300,pothole,73,93,355,192
127.jpg,780,520,pothole,362,130,433,177
127.jpg,780,520,pothole,434,99,483,124
127.jpg,780,520,pothole,421,189,484,250
127.jpg,780,520,pothole,334,262,440,323
127.jpg,780,520,pothole,387,81,426,96
127.jpg,780,520,pothole,408,65,432,84
127.jpg,780,520,pothole,422,7,448,23
127.jpg,780,520,pothole,466,30,657,520
128.jpg,339,218,pothole,111,64,282,209
129.jpg,873,1281,pothole,205,568,705,897
130.jpg,650,400,pothole,219,186,363,218
130.jpg,650,400,pothole,212,277,327,318
130.jpg,650,400,pothole,200,300,468,400
130.jpg,650,400,pothole,309,245,381,278
130.jpg,650,400,pothole,219,259,306,278
130.jpg,650,400,pothole,181,125,307,166
131.jpg,467,495,pothole,177,231,262,283
131.jpg,467,495,pothole,73,298,208,365
131.jpg,467,495,pothole,142,376,317,495
131.jpg,467,495,pothole,301,65,405,152
131.jpg,467,495,pothole,281,174,318,201
131.jpg,467,495,pothole,41,174,191,209
131.jpg,467,495,pothole,85,210,167,241
131.jpg,467,495,pothole,147,111,200,136
131.jpg,467,495,pothole,289,45,323,60
132.jpg,1024,682,pothole,442,231,1024,368
132.jpg,1024,682,pothole,6,153,515,311
133.jpg,1600,1103,pothole,286,683,987,989
134.jpg,448,301,pothole,119,114,166,139
134.jpg,448,301,pothole,218,99,271,111
134.jpg,448,301,pothole,44,80,117,93
134.jpg,448,301,pothole,101,60,150,75
134.jpg,448,301,pothole,348,61,421,80
134.jpg,448,301,pothole,256,125,324,138
134.jpg,448,301,pothole,282,62,341,79
134.jpg,448,301,pothole,346,7,419,63
135.jpg,800,600,pothole,36,170,655,399
136.jpg,800,600,pothole,112,135,748,520
137.jpg,380,312,pothole,141,124,195,150
137.jpg,380,312,pothole,47,207,114,232
137.jpg,380,312,pothole,124,214,173,258
137.jpg,380,312,pothole,207,186,271,214
137.jpg,380,312,pothole,286,172,327,204
137.jpg,380,312,pothole,243,122,282,135
137.jpg,380,312,pothole,204,135,240,151
137.jpg,380,312,pothole,210,158,253,178
137.jpg,380,312,pothole,212,94,254,108
137.jpg,380,312,pothole,319,256,375,312
137.jpg,380,312,pothole,157,266,198,300
137.jpg,380,312,pothole,55,274,102,307
137.jpg,380,312,pothole,199,73,229,85
137.jpg,380,312,pothole,235,76,269,88
137.jpg,380,312,pothole,211,26,294,70
137.jpg,380,312,pothole,40,74,69,109
137.jpg,380,312,pothole,1,119,17,135
138.jpg,368,206,pothole,47,127,266,206
139.jpg,750,519,pothole,36,187,553,320
139.jpg,750,519,pothole,437,175,750,239
139.jpg,750,519,pothole,198,429,326,500
139.jpg,750,519,pothole,5,299,370,436
139.jpg,750,519,pothole,425,343,513,429
139.jpg,750,519,pothole,441,288,570,323
139.jpg,750,519,pothole,1,474,68,519
140.jpg,800,600,pothole,231,229,587,398
141.jpg,400,206,pothole,37,55,73,70
141.jpg,400,206,pothole,62,72,120,91
141.jpg,400,206,pothole,157,122,231,158
141.jpg,400,206,pothole,178,161,237,191
141.jpg,400,206,pothole,115,102,161,122
141.jpg,400,206,pothole,215,92,254,116
141.jpg,400,206,pothole,269,69,298,90
141.jpg,400,206,pothole,217,69,254,89
141.jpg,400,206,pothole,169,32,229,49
141.jpg,400,206,pothole,124,54,158,77
141.jpg,400,206,pothole,129,86,166,99
141.jpg,400,206,pothole,319,16,399,39
141.jpg,400,206,pothole,278,44,320,56
141.jpg,400,206,pothole,205,6,255,27
141.jpg,400,206,pothole,90,40,123,52
141.jpg,400,206,pothole,67,49,108,62
141.jpg,400,206,pothole,121,17,140,29
141.jpg,400,206,pothole,135,22,185,31
141.jpg,400,206,pothole,175,95,212,110
142.jpg,700,525,pothole,75,144,447,471
143.jpg,446,301,pothole,64,88,139,122
143.jpg,446,301,pothole,162,106,207,129
143.jpg,446,301,pothole,241,113,371,165
143.jpg,446,301,pothole,366,133,446,194
143.jpg,446,301,pothole,261,158,387,217
143.jpg,446,301,pothole,1,131,169,183
143.jpg,446,301,pothole,2,101,52,122
143.jpg,446,301,pothole,5,204,310,301
144.jpg,768,1024,pothole,83,444,611,976
144.jpg,768,1024,pothole,135,20,587,267
145.jpg,320,294,pothole,1,210,64,240
145.jpg,320,294,pothole,93,245,196,273
145.jpg,320,294,pothole,226,242,312,272
145.jpg,320,294,pothole,32,178,91,202
145.jpg,320,294,pothole,96,134,153,148
145.jpg,320,294,pothole,109,98,163,110
145.jpg,320,294,pothole,146,119,203,132
145.jpg,320,294,pothole,236,93,295,110
145.jpg,320,294,pothole,114,54,171,65
146.jpg,600,400,pothole,158,227,201,240
146.jpg,600,400,pothole,133,248,229,278
146.jpg,600,400,pothole,275,277,334,310
146.jpg,600,400,pothole,214,224,303,250
146.jpg,600,400,pothole,309,221,466,259
146.jpg,600,400,pothole,371,215,600,373
146.jpg,600,400,pothole,11,272,141,319
146.jpg,600,400,pothole,33,359,110,390
146.jpg,600,400,pothole,165,326,432,400
147.jpg,600,450,pothole,298,194,361,237
147.jpg,600,450,pothole,325,223,447,307
147.jpg,600,450,pothole,454,214,506,253
147.jpg,600,450,pothole,379,137,524,203
147.jpg,600,450,pothole,463,86,586,149
147.jpg,600,450,pothole,169,341,371,450
147.jpg,600,450,pothole,557,285,600,450
147.jpg,600,450,pothole,1,257,139,386
147.jpg,600,450,pothole,56,160,200,218
147.jpg,600,450,pothole,88,100,339,171
147.jpg,600,450,pothole,349,37,600,92
147.jpg,600,450,pothole,1,148,88,238
147.jpg,600,450,pothole,3,85,154,133
147.jpg,600,450,pothole,293,64,331,85
148.jpg,800,600,pothole,231,257,603,417
148.jpg,800,600,pothole,305,58,518,124
148.jpg,800,600,pothole,536,424,778,600
149.jpg,1000,666,pothole,62,498,315,587
150.jpg,640,360,pothole,98,204,584,289
151.jpg,200,150,pothole,4,55,162,136
151.jpg,200,150,pothole,91,41,180,60
151.jpg,200,150,pothole,108,24,140,39
151.jpg,200,150,pothole,153,21,182,31
151.jpg,200,150,pothole,1,21,94,49
152.jpg,700,466,pothole,345,343,612,455
153.jpg,300,200,pothole,55,51,261,164
154.jpg,640,268,pothole,87,141,607,224
155.jpg,260,260,pothole,1,90,226,237
156.jpg,759,422,pothole,50,137,229,229
156.jpg,759,422,pothole,249,251,458,329
156.jpg,759,422,pothole,384,87,759,197
156.jpg,759,422,pothole,439,215,759,305
156.jpg,759,422,pothole,312,332,461,422
156.jpg,759,422,pothole,498,373,607,422
156.jpg,759,422,pothole,661,324,759,422
156.jpg,759,422,pothole,174,31,248,72
156.jpg,759,422,pothole,207,1,562,70
156.jpg,759,422,pothole,2,75,46,105
156.jpg,759,422,pothole,82,250,135,275
156.jpg,759,422,pothole,101,276,187,321
156.jpg,759,422,pothole,139,365,300,422
156.jpg,759,422,pothole,1,338,47,417
156.jpg,759,422,pothole,577,40,660,68
156.jpg,759,422,pothole,680,19,759,61
156.jpg,759,422,pothole,100,21,168,41
157.jpg,534,401,pothole,8,103,517,314
158.jpg,999,473,pothole,7,186,188,281
158.jpg,999,473,pothole,236,126,513,317
158.jpg,999,473,pothole,711,234,792,290
158.jpg,999,473,pothole,778,182,882,251
158.jpg,999,473,pothole,851,261,959,314
158.jpg,999,473,pothole,869,391,948,468
158.jpg,999,473,pothole,613,359,699,443
158.jpg,999,473,pothole,484,374,575,458
158.jpg,999,473,pothole,577,419,649,464
158.jpg,999,473,pothole,339,434,401,472
158.jpg,999,473,pothole,763,393,797,432
158.jpg,999,473,pothole,961,390,999,466
158.jpg,999,473,pothole,30,103,138,149
158.jpg,999,473,pothole,244,412,330,473
159.jpg,620,411,pothole,165,175,354,233
159.jpg,620,411,pothole,452,133,580,170
159.jpg,620,411,pothole,209,220,579,390
160.jpg,620,387,pothole,69,110,513,204
161.jpg,1080,675,pothole,269,322,834,663
162.jpg,1019,521,pothole,414,216,768,514
162.jpg,1019,521,pothole,741,190,978,364
162.jpg,1019,521,pothole,190,136,410,169
162.jpg,1019,521,pothole,384,67,498,99
163.jpg,670,440,pothole,270,156,615,269
163.jpg,670,440,pothole,89,139,220,210
163.jpg,670,440,pothole,29,76,132,128
163.jpg,670,440,pothole,180,18,270,50
163.jpg,670,440,pothole,475,2,564,36
164.jpg,1632,1224,pothole,232,513,1387,937
165.jpg,885,590,pothole,274,283,454,393
165.jpg,885,590,pothole,524,218,671,274
165.jpg,885,590,pothole,478,184,599,207
165.jpg,885,590,pothole,122,390,259,431
165.jpg,885,590,pothole,55,281,200,324
165.jpg,885,590,pothole,654,15,885,127
165.jpg,885,590,pothole,4,451,174,521
166.jpg,746,400,pothole,203,203,519,292
166.jpg,746,400,pothole,351,65,470,133
166.jpg,746,400,pothole,456,114,536,149
166.jpg,746,400,pothole,349,166,692,262
166.jpg,746,400,pothole,392,293,744,400
166.jpg,746,400,pothole,33,250,370,400
167.jpg,400,267,pothole,10,129,89,197
167.jpg,400,267,pothole,326,131,400,216
167.jpg,400,267,pothole,173,1,361,121
167.jpg,400,267,pothole,68,83,160,119
167.jpg,400,267,pothole,93,28,170,49
167.jpg,400,267,pothole,129,10,171,29
167.jpg,400,267,pothole,124,153,224,211
168.jpg,1200,800,pothole,347,289,923,800
169.jpg,1140,754,pothole,1,433,152,486
169.jpg,1140,754,pothole,288,495,908,576
169.jpg,1140,754,pothole,572,633,968,742
169.jpg,1140,754,pothole,106,350,342,383
169.jpg,1140,754,pothole,388,350,606,385
169.jpg,1140,754,pothole,385,385,738,433
169.jpg,1140,754,pothole,770,361,1140,579
169.jpg,1140,754,pothole,342,433,836,494
169.jpg,1140,754,pothole,44,377,380,433
170.jpg,2996,1680,pothole,31,657,1350,947
170.jpg,2996,1680,pothole,1439,743,2978,982
170.jpg,2996,1680,pothole,76,1270,564,1447
170.jpg,2996,1680,pothole,341,1202,1507,1543
171.jpg,639,360,pothole,44,154,135,184
171.jpg,639,360,pothole,189,189,333,234
171.jpg,639,360,pothole,3,252,234,305
171.jpg,639,360,pothole,171,307,326,357
171.jpg,639,360,pothole,397,275,499,307
171.jpg,639,360,pothole,450,327,569,355
171.jpg,639,360,pothole,483,179,575,209
171.jpg,639,360,pothole,236,107,301,128
171.jpg,639,360,pothole,65,61,138,101
172.jpg,450,298,pothole,223,161,378,298
172.jpg,450,298,pothole,15,1,162,63
172.jpg,450,298,pothole,229,3,355,36
172.jpg,450,298,pothole,393,21,450,50
173.jpg,500,334,pothole,143,104,361,179
173.jpg,500,334,pothole,146,212,366,332
173.jpg,500,334,pothole,295,61,327,78
173.jpg,500,334,pothole,326,41,372,53
173.jpg,500,334,pothole,305,28,347,42
173.jpg,500,334,pothole,370,111,435,147
174.jpg,800,516,pothole,57,192,800,516
175.jpg,800,600,pothole,158,157,593,486
176.jpg,325,216,pothole,125,115,237,139
176.jpg,325,216,pothole,223,151,305,185
176.jpg,325,216,pothole,98,158,149,189
176.jpg,325,216,pothole,135,150,176,169
176.jpg,325,216,pothole,55,116,111,143
176.jpg,325,216,pothole,73,86,161,112
177.jpg,821,434,pothole,251,169,631,339
177.jpg,821,434,pothole,58,1,322,55
178.jpg,960,960,pothole,275,461,699,709
178.jpg,960,960,pothole,156,720,720,960
178.jpg,960,960,pothole,3,505,206,702
178.jpg,960,960,pothole,1,313,290,463
178.jpg,960,960,pothole,439,280,823,413
178.jpg,960,960,pothole,626,1,960,310
178.jpg,960,960,pothole,42,89,263,281
178.jpg,960,960,pothole,256,73,454,244
178.jpg,960,960,pothole,414,36,652,181
178.jpg,960,960,pothole,189,21,399,87
179.jpg,960,720,pothole,229,324,777,707
179.jpg,960,720,pothole,617,144,960,301
179.jpg,960,720,pothole,272,115,615,202
179.jpg,960,720,pothole,72,361,289,431
180.jpg,970,430,pothole,292,139,802,315
180.jpg,970,430,pothole,38,201,258,294
181.jpg,759,422,pothole,164,138,533,239
181.jpg,759,422,pothole,109,257,622,415
182.jpg,590,320,pothole,183,121,397,251
183.jpg,1024,768,pothole,1,469,175,551
183.jpg,1024,768,pothole,296,506,549,601
183.jpg,1024,768,pothole,526,473,672,518
183.jpg,1024,768,pothole,588,592,752,726
183.jpg,1024,768,pothole,684,384,804,414
183.jpg,1024,768,pothole,542,351,725,391
183.jpg,1024,768,pothole,494,410,630,456
183.jpg,1024,768,pothole,372,451,504,494
183.jpg,1024,768,pothole,370,375,488,409
183.jpg,1024,768,pothole,490,321,579,348
183.jpg,1024,768,pothole,484,295,562,314
183.jpg,1024,768,pothole,463,231,644,280
183.jpg,1024,768,pothole,82,372,252,464
183.jpg,1024,768,pothole,200,347,300,378
183.jpg,1024,768,pothole,280,321,372,352
183.jpg,1024,768,pothole,218,291,346,330
183.jpg,1024,768,pothole,326,231,488,315
183.jpg,1024,768,pothole,558,196,660,223
183.jpg,1024,768,pothole,740,212,924,313
183.jpg,1024,768,pothole,858,301,1024,451
185.jpg,400,300,pothole,1,136,43,157
185.jpg,400,300,pothole,8,128,119,177
185.jpg,400,300,pothole,23,216,86,300
185.jpg,400,300,pothole,201,108,237,130
185.jpg,400,300,pothole,101,95,190,143
185.jpg,400,300,pothole,242,110,308,132
185.jpg,400,300,pothole,197,39,400,300
186.jpg,986,554,pothole,252,344,401,419
186.jpg,986,554,pothole,447,408,573,482
186.jpg,986,554,pothole,627,452,808,554
187.jpg,1000,665,pothole,178,247,697,485
187.jpg,1000,665,pothole,712,187,785,235
188.jpg,895,468,pothole,327,211,468,277
188.jpg,895,468,pothole,530,258,779,400
189.jpg,640,480,pothole,207,134,585,423
190.jpg,1200,800,pothole,395,425,890,717
190.jpg,1200,800,pothole,610,292,1029,437
190.jpg,1200,800,pothole,25,516,249,687
191.jpg,270,176,pothole,36,70,215,153
191.jpg,270,176,pothole,110,15,191,53
192.jpg,1200,600,pothole,35,281,1200,568
193.jpg,1297,859,pothole,275,306,1046,612
194.jpg,899,599,pothole,230,311,551,420
194.jpg,899,599,pothole,138,141,884,257
195.jpg,1306,980,pothole,455,355,765,452
195.jpg,1306,980,pothole,519,437,789,533
195.jpg,1306,980,pothole,623,539,822,615
196.jpg,400,267,pothole,245,93,370,139
197.jpg,1950,1460,pothole,500,912,1088,1206
197.jpg,1950,1460,pothole,1029,800,1449,989
197.jpg,1950,1460,pothole,1284,669,1605,840
197.jpg,1950,1460,pothole,1731,540,1884,596
198.jpg,625,352,pothole,268,120,347,160
198.jpg,625,352,pothole,254,176,357,232
198.jpg,625,352,pothole,247,52,391,94
198.jpg,625,352,pothole,18,153,93,174
199.jpg,600,450,pothole,225,192,411,283
199.jpg,600,450,pothole,435,102,580,145
199.jpg,600,450,pothole,62,317,206,374
200.jpg,625,352,pothole,271,138,369,168
200.jpg,625,352,pothole,288,173,488,212
200.jpg,625,352,pothole,58,172,203,210
200.jpg,625,352,pothole,8,136,227,175
201.jpg,560,416,pothole,25,29,557,409
202.jpg,1200,800,pothole,482,427,911,577
202.jpg,1200,800,pothole,883,499,1062,575
202.jpg,1200,800,pothole,819,92,1200,168
203.jpg,650,433,pothole,206,208,407,272
203.jpg,650,433,pothole,70,277,611,419
204.jpg,969,1301,pothole,135,506,949,1000
204.jpg,969,1301,pothole,495,312,707,435
204.jpg,969,1301,pothole,252,398,479,483
204.jpg,969,1301,pothole,260,238,561,304
204.jpg,969,1301,pothole,48,379,234,470
205.jpg,1536,2048,pothole,408,836,716,998
205.jpg,1536,2048,pothole,352,1205,1188,1630
205.jpg,1536,2048,pothole,1052,881,1486,1187
205.jpg,1536,2048,pothole,635,266,999,515
205.jpg,1536,2048,pothole,863,613,1012,856
206.jpg,625,352,pothole,95,160,547,352
207.jpg,600,400,pothole,47,149,394,331
208.jpg,640,480,pothole,382,308,497,374
208.jpg,640,480,pothole,531,352,640,442
208.jpg,640,480,pothole,212,249,365,299
208.jpg,640,480,pothole,177,302,401,423
208.jpg,640,480,pothole,164,426,461,480
209.jpg,590,590,pothole,59,145,526,403
210.jpg,600,450,pothole,68,134,279,256
210.jpg,600,450,pothole,276,247,363,309
210.jpg,600,450,pothole,402,295,494,342
210.jpg,600,450,pothole,251,135,506,281
210.jpg,600,450,pothole,70,260,593,450
211.jpg,3200,1680,pothole,875,1139,1975,1593
212.jpg,720,405,pothole,1,178,274,358
212.jpg,720,405,pothole,396,327,540,405
212.jpg,720,405,pothole,430,186,628,262
212.jpg,720,405,pothole,340,124,601,181
212.jpg,720,405,pothole,418,89,541,115
212.jpg,720,405,pothole,291,114,385,172
212.jpg,720,405,pothole,212,112,284,145
212.jpg,720,405,pothole,477,61,601,88
212.jpg,720,405,pothole,233,56,402,103
212.jpg,720,405,pothole,317,30,491,58
213.jpg,1280,720,pothole,162,443,1122,679
213.jpg,1280,720,pothole,1142,279,1280,385
213.jpg,1280,720,pothole,1186,501,1280,629
213.jpg,1280,720,pothole,294,194,976,294
213.jpg,1280,720,pothole,1,189,294,313
213.jpg,1280,720,pothole,876,101,982,120
214.jpg,960,640,pothole,217,275,745,559
215.jpg,759,422,pothole,9,113,591,280
215.jpg,759,422,pothole,505,239,659,316
215.jpg,759,422,pothole,577,193,759,265
215.jpg,759,422,pothole,439,321,759,422
215.jpg,759,422,pothole,204,286,458,355
216.jpg,268,178,pothole,28,77,268,178
217.jpg,696,464,pothole,1,77,694,455
218.jpg,450,318,pothole,49,161,108,184
218.jpg,450,318,pothole,94,189,157,212
218.jpg,450,318,pothole,144,222,303,276
218.jpg,450,318,pothole,251,176,324,201
218.jpg,450,318,pothole,136,154,216,182
218.jpg,450,318,pothole,2,131,61,152
218.jpg,450,318,pothole,29,95,82,111
218.jpg,450,318,pothole,101,117,175,139
219.jpg,494,335,pothole,85,31,356,234
220.jpg,450,600,pothole,174,260,313,348
221.jpg,1920,1080,pothole,788,169,1812,874
222.jpg,700,415,pothole,62,189,548,381
223.jpg,726,484,pothole,10,238,715,477
223.jpg,726,484,pothole,2,164,193,233
224.jpg,1280,720,pothole,414,261,666,359
224.jpg,1280,720,pothole,305,381,609,521
224.jpg,1280,720,pothole,552,429,962,560
224.jpg,1280,720,pothole,822,560,1149,682
224.jpg,1280,720,pothole,259,505,828,679
224.jpg,1280,720,pothole,752,1,1280,200
224.jpg,1280,720,pothole,551,158,799,234
224.jpg,1280,720,pothole,924,198,1280,562
224.jpg,1280,720,pothole,229,262,371,334
224.jpg,1280,720,pothole,1,233,157,572
224.jpg,1280,720,pothole,7,650,90,709
224.jpg,1280,720,pothole,6,43,335,120
225.jpg,640,426,pothole,327,232,441,260
225.jpg,640,426,pothole,116,264,345,311
225.jpg,640,426,pothole,10,297,353,377
225.jpg,640,426,pothole,284,217,546,426
226.jpg,640,480,pothole,162,114,473,361
226.jpg,640,480,pothole,513,213,601,256
226.jpg,640,480,pothole,67,60,164,101
226.jpg,640,480,pothole,4,116,60,177
227.jpg,770,433,pothole,3,164,770,410
228.jpg,640,360,pothole,1,109,598,360
229.jpg,448,262,pothole,128,51,443,240
230.jpg,400,267,pothole,181,161,314,190
230.jpg,400,267,pothole,172,249,368,267
230.jpg,400,267,pothole,326,175,388,206
230.jpg,400,267,pothole,173,142,227,156
230.jpg,400,267,pothole,291,196,400,242
231.jpg,857,1289,pothole,93,448,857,713
231.jpg,857,1289,pothole,689,311,857,452
231.jpg,857,1289,pothole,28,787,317,1064
232.jpg,1200,800,pothole,304,438,860,668
233.jpg,678,381,pothole,8,67,193,156
233.jpg,678,381,pothole,127,109,365,195
233.jpg,678,381,pothole,398,102,579,172
233.jpg,678,381,pothole,431,211,678,376
233.jpg,678,381,pothole,531,31,678,136
233.jpg,678,381,pothole,1,221,221,368
234.jpg,650,968,pothole,49,371,650,967
235.jpg,861,1281,pothole,214,405,737,564
235.jpg,861,1281,pothole,371,521,701,664
235.jpg,861,1281,pothole,171,643,783,1095
236.jpg,856,1285,pothole,3,634,105,758
236.jpg,856,1285,pothole,219,71,856,787
237.jpg,518,345,pothole,138,77,296,155
237.jpg,518,345,pothole,302,110,410,154
237.jpg,518,345,pothole,18,199,80,236
237.jpg,518,345,pothole,90,194,153,238
237.jpg,518,345,pothole,235,215,313,292
238.jpg,1600,1200,pothole,57,187,583,431
238.jpg,1600,1200,pothole,397,331,1179,789
238.jpg,1600,1200,pothole,1106,824,1524,1070
239.jpg,720,410,pothole,397,209,497,256
239.jpg,720,410,pothole,571,254,710,311
239.jpg,720,410,pothole,514,218,589,251
239.jpg,720,410,pothole,392,148,457,167
239.jpg,720,410,pothole,465,149,507,171
239.jpg,720,410,pothole,484,170,539,193
239.jpg,720,410,pothole,218,196,324,258
239.jpg,720,410,pothole,254,136,368,171
239.jpg,720,410,pothole,359,117,423,130
240.jpg,1500,1101,pothole,61,415,561,641
240.jpg,1500,1101,pothole,822,374,1088,449
240.jpg,1500,1101,pothole,1020,435,1500,532
240.jpg,1500,1101,pothole,832,169,1390,320
240.jpg,1500,1101,pothole,24,232,1284,1003
241.jpg,300,200,pothole,145,150,199,168
241.jpg,300,200,pothole,185,188,242,200
241.jpg,300,200,pothole,167,118,268,140
241.jpg,300,200,pothole,97,107,175,136
241.jpg,300,200,pothole,145,98,227,111
241.jpg,300,200,pothole,97,70,132,82
241.jpg,300,200,pothole,144,83,178,92
241.jpg,300,200,pothole,160,65,247,99
241.jpg,300,200,pothole,50,94,106,111
241.jpg,300,200,pothole,12,116,38,140
241.jpg,300,200,pothole,119,43,213,68
242.jpg,450,600,pothole,94,19,373,572
243.jpg,720,405,pothole,222,59,402,102
243.jpg,720,405,pothole,3,168,272,381
243.jpg,720,405,pothole,392,347,541,405
243.jpg,720,405,pothole,213,115,273,148
243.jpg,720,405,pothole,278,117,392,170
243.jpg,720,405,pothole,336,123,580,190
243.jpg,720,405,pothole,389,180,613,263
243.jpg,720,405,pothole,414,85,548,116
243.jpg,720,405,pothole,451,55,598,84
243.jpg,720,405,pothole,296,32,497,57
244.jpg,921,596,pothole,23,158,429,363
245.jpg,204,170,pothole,67,45,160,86
245.jpg,204,170,pothole,39,71,130,148
246.jpg,624,351,pothole,12,203,452,324
246.jpg,624,351,pothole,304,146,624,216
247.jpg,534,401,pothole,255,197,509,285
247.jpg,534,401,pothole,391,124,518,191
248.jpg,135,180,pothole,52,45,116,66
248.jpg,135,180,pothole,49,67,94,87
248.jpg,135,180,pothole,49,67,94,87
248.jpg,135,180,pothole,12,92,95,155
249.jpg,300,224,pothole,98,66,272,205
250.jpg,350,378,pothole,84,223,175,293
250.jpg,350,378,pothole,138,208,215,245
250.jpg,350,378,pothole,164,184,238,210
250.jpg,350,378,pothole,3,214,68,258
250.jpg,350,378,pothole,50,177,103,207
250.jpg,350,378,pothole,161,167,223,186
250.jpg,350,378,pothole,216,146,239,154
250.jpg,350,378,pothole,232,122,254,138
250.jpg,350,378,pothole,65,150,185,174
251.jpg,1297,861,pothole,24,268,1297,828
251.jpg,1297,861,pothole,595,63,1297,240
252.jpg,1297,855,pothole,258,236,1240,614
252.jpg,1297,855,pothole,21,452,358,742
253.jpg,450,300,pothole,41,177,202,235
253.jpg,450,300,pothole,227,219,261,228
253.jpg,450,300,pothole,218,239,410,289
254.jpg,752,564,pothole,213,260,493,379
255.jpg,1920,1080,pothole,402,342,1304,626
255.jpg,1920,1080,pothole,1206,630,1837,881
255.jpg,1920,1080,pothole,112,246,1920,972
256.jpg,1215,682,pothole,25,153,1215,682
257.jpg,400,266,pothole,2,103,141,249
257.jpg,400,266,pothole,242,109,400,213
257.jpg,400,266,pothole,129,114,199,145
257.jpg,400,266,pothole,303,62,384,97
257.jpg,400,266,pothole,239,22,385,68
257.jpg,400,266,pothole,99,65,188,103
257.jpg,400,266,pothole,1,47,109,71
258.jpg,960,540,pothole,247,372,352,424
258.jpg,960,540,pothole,355,382,454,433
258.jpg,960,540,pothole,499,395,582,444
258.jpg,960,540,pothole,421,452,513,517
258.jpg,960,540,pothole,260,454,383,513
258.jpg,960,540,pothole,48,400,238,520
258.jpg,960,540,pothole,534,484,663,540
258.jpg,960,540,pothole,298,507,450,540
258.jpg,960,540,pothole,293,268,470,333
258.jpg,960,540,pothole,501,246,960,540
258.jpg,960,540,pothole,317,127,717,333
258.jpg,960,540,pothole,58,223,186,359
259.jpg,760,503,pothole,401,243,463,279
259.jpg,760,503,pothole,332,283,420,317
259.jpg,760,503,pothole,468,184,565,225
259.jpg,760,503,pothole,524,156,610,181
259.jpg,760,503,pothole,4,347,225,503
260.jpg,2525,1590,pothole,117,640,2419,1445
260.jpg,2525,1590,pothole,97,470,332,718
261.jpg,400,300,pothole,113,169,367,273
262.jpg,842,561,pothole,335,313,607,361
262.jpg,842,561,pothole,584,388,785,487
262.jpg,842,561,pothole,254,405,457,494
262.jpg,842,561,pothole,142,314,287,371
262.jpg,842,561,pothole,120,251,395,311
262.jpg,842,561,pothole,184,232,318,261
262.jpg,842,561,pothole,91,197,278,245
263.jpg,625,352,pothole,104,165,553,352
263.jpg,625,352,pothole,288,169,503,226
264.jpg,1200,1600,pothole,32,803,1112,1600
264.jpg,1200,1600,pothole,363,338,922,525
264.jpg,1200,1600,pothole,670,210,918,305
264.jpg,1200,1600,pothole,285,220,462,318
264.jpg,1200,1600,pothole,360,145,763,318
265.jpg,400,267,pothole,110,100,262,141
265.jpg,400,267,pothole,146,145,324,208
265.jpg,400,267,pothole,97,60,173,92
265.jpg,400,267,pothole,93,41,152,54
265.jpg,400,267,pothole,108,31,147,42
265.jpg,400,267,pothole,111,22,135,29
265.jpg,400,267,pothole,224,21,246,31
266.jpg,759,422,pothole,101,145,142,183
266.jpg,759,422,pothole,145,139,180,165
266.jpg,759,422,pothole,209,150,253,173
266.jpg,759,422,pothole,187,168,238,189
266.jpg,759,422,pothole,259,158,299,173
266.jpg,759,422,pothole,251,177,315,194
266.jpg,759,422,pothole,218,194,274,209
266.jpg,759,422,pothole,316,236,362,272
266.jpg,759,422,pothole,221,232,292,266
266.jpg,759,422,pothole,267,256,315,285
266.jpg,759,422,pothole,269,283,337,311
266.jpg,759,422,pothole,238,312,324,366
266.jpg,759,422,pothole,268,294,419,340
266.jpg,759,422,pothole,397,274,494,320
266.jpg,759,422,pothole,473,276,756,371
266.jpg,759,422,pothole,477,228,739,310
266.jpg,759,422,pothole,547,137,612,175
266.jpg,759,422,pothole,639,129,691,157
266.jpg,759,422,pothole,666,160,697,175
266.jpg,759,422,pothole,633,186,650,204
266.jpg,759,422,pothole,657,186,694,206
266.jpg,759,422,pothole,650,213,692,229
266.jpg,759,422,pothole,689,206,722,224
266.jpg,759,422,pothole,489,215,536,240
266.jpg,759,422,pothole,1,315,220,407
266.jpg,759,422,pothole,1,78,80,281
266.jpg,759,422,pothole,300,78,422,167
266.jpg,759,422,pothole,530,75,610,101
266.jpg,759,422,pothole,591,69,759,99
267.jpg,518,355,pothole,283,144,331,176
267.jpg,518,355,pothole,343,120,410,165
267.jpg,518,355,pothole,397,243,454,283
267.jpg,518,355,pothole,216,200,283,249
267.jpg,518,355,pothole,274,60,330,80
267.jpg,518,355,pothole,249,36,300,54
267.jpg,518,355,pothole,125,90,194,134
268.jpg,1000,667,pothole,285,293,783,636
269.jpg,628,362,pothole,86,159,393,345
270.jpg,615,409,pothole,284,193,347,217
270.jpg,615,409,pothole,243,313,353,367
270.jpg,615,409,pothole,57,308,142,349
271.jpg,618,410,pothole,218,276,335,321
271.jpg,618,410,pothole,288,336,361,366
271.jpg,618,410,pothole,395,321,457,382
271.jpg,618,410,pothole,351,224,419,251
271.jpg,618,410,pothole,200,190,260,213
271.jpg,618,410,pothole,162,319,222,343
271.jpg,618,410,pothole,221,223,267,262
271.jpg,618,410,pothole,267,196,312,212
271.jpg,618,410,pothole,141,123,349,188
272.jpg,1500,1125,pothole,155,472,1136,992
273.jpg,300,200,pothole,60,34,263,174
274.jpg,610,450,pothole,34,217,608,393
274.jpg,610,450,pothole,474,405,555,450
274.jpg,610,450,pothole,311,156,458,225
274.jpg,610,450,pothole,151,184,232,207
275.jpg,306,588,pothole,77,156,231,268
275.jpg,306,588,pothole,136,364,247,406
275.jpg,306,588,pothole,6,490,279,579
275.jpg,306,588,pothole,63,426,206,486
275.jpg,306,588,pothole,2,315,206,360
275.jpg,306,588,pothole,16,272,148,304
276.jpg,640,480,pothole,221,235,464,319
276.jpg,640,480,pothole,155,158,255,202
276.jpg,640,480,pothole,153,119,212,138
276.jpg,640,480,pothole,215,128,300,176
277.jpg,800,530,pothole,14,132,800,461
278.jpg,640,480,pothole,142,199,429,318
279.jpg,647,404,pothole,176,317,468,402
279.jpg,647,404,pothole,391,232,629,352
280.jpg,534,401,pothole,148,88,531,397
281.jpg,1299,855,pothole,29,294,1299,484
282.jpg,678,381,pothole,59,214,309,307
282.jpg,678,381,pothole,201,323,357,372
282.jpg,678,381,pothole,271,272,398,327
282.jpg,678,381,pothole,123,118,671,238
282.jpg,678,381,pothole,54,351,131,381
282.jpg,678,381,pothole,9,266,127,351
283.jpg,857,1285,pothole,500,355,737,433
283.jpg,857,1285,pothole,552,450,773,515
283.jpg,857,1285,pothole,193,409,352,458
283.jpg,857,1285,pothole,196,219,327,253
283.jpg,857,1285,pothole,400,221,517,253
283.jpg,857,1285,pothole,527,230,679,283
283.jpg,857,1285,pothole,333,113,425,209
283.jpg,857,1285,pothole,189,641,795,1274
284.jpg,620,410,pothole,76,125,427,385
284.jpg,620,410,pothole,418,136,485,223
284.jpg,620,410,pothole,425,105,502,161
285.jpg,200,150,pothole,64,65,128,103
286.jpg,1280,720,pothole,318,440,1240,700
286.jpg,1280,720,pothole,680,323,1024,448
287.jpg,784,441,pothole,212,212,294,260
287.jpg,784,441,pothole,177,292,315,410
287.jpg,784,441,pothole,393,321,522,378
287.jpg,784,441,pothole,461,208,562,268
287.jpg,784,441,pothole,403,189,444,208
287.jpg,784,441,pothole,434,177,507,209
287.jpg,784,441,pothole,493,166,547,195
287.jpg,784,441,pothole,511,117,784,309
287.jpg,784,441,pothole,264,389,563,441
287.jpg,784,441,pothole,435,31,680,173
287.jpg,784,441,pothole,285,177,401,253
288.jpg,1024,683,pothole,508,326,805,587
290.jpg,400,160,pothole,210,137,303,160
290.jpg,400,160,pothole,1,58,74,96
290.jpg,400,160,pothole,49,41,118,67
290.jpg,400,160,pothole,102,116,205,141
290.jpg,400,160,pothole,249,113,309,134
291.jpg,2048,1365,pothole,93,582,1983,1113
292.jpg,1080,675,pothole,51,330,560,675
292.jpg,1080,675,pothole,369,181,1080,337
292.jpg,1080,675,pothole,532,140,811,183
292.jpg,1080,675,pothole,608,116,739,142
293.jpg,895,800,pothole,67,380,658,586
293.jpg,895,800,pothole,296,72,508,108
294.jpg,1280,720,pothole,28,267,489,348
294.jpg,1280,720,pothole,576,297,972,405
294.jpg,1280,720,pothole,40,424,1041,720
294.jpg,1280,720,pothole,3,365,244,431
295.jpg,960,541,pothole,195,109,676,350
296.jpg,1140,1508,pothole,347,813,871,1422
296.jpg,1140,1508,pothole,230,430,933,696
296.jpg,1140,1508,pothole,480,230,655,363
297.jpg,400,300,pothole,8,144,394,280
297.jpg,400,300,pothole,181,106,400,147
298.jpg,800,450,pothole,87,184,723,322
298.jpg,800,450,pothole,68,308,375,419
298.jpg,800,450,pothole,368,293,747,442
299.jpg,1024,576,pothole,210,126,972,532
300.jpg,800,532,pothole,229,73,693,355
301.jpg,1024,680,pothole,398,486,658,674
301.jpg,1024,680,pothole,848,392,1024,467
301.jpg,1024,680,pothole,672,356,832,417
301.jpg,1024,680,pothole,441,384,605,466
301.jpg,1024,680,pothole,470,308,642,368
301.jpg,1024,680,pothole,700,242,865,302
301.jpg,1024,680,pothole,514,244,629,291
301.jpg,1024,680,pothole,565,227,737,251
301.jpg,1024,680,pothole,552,205,668,226
301.jpg,1024,680,pothole,546,185,645,206
301.jpg,1024,680,pothole,504,158,647,188
301.jpg,1024,680,pothole,260,212,494,672
301.jpg,1024,680,pothole,918,303,1024,372
301.jpg,1024,680,pothole,549,130,618,164
302.jpg,1293,859,pothole,3,343,668,727
302.jpg,1293,859,pothole,933,314,1130,404
302.jpg,1293,859,pothole,680,452,884,552
303.jpg,1024,768,pothole,3,273,440,441
303.jpg,1024,768,pothole,455,391,852,586
303.jpg,1024,768,pothole,486,275,826,387
303.jpg,1024,768,pothole,929,411,1024,513
303.jpg,1024,768,pothole,570,213,787,269
303.jpg,1024,768,pothole,732,129,984,193
303.jpg,1024,768,pothole,396,205,554,251
303.jpg,1024,768,pothole,163,511,500,767
304.jpg,650,488,pothole,2,234,647,484
305.jpg,1200,600,pothole,371,3,821,600
306.jpg,1280,792,pothole,143,241,1122,751
307.jpg,3264,1836,pothole,514,675,2018,1243
307.jpg,3264,1836,pothole,1835,1271,2974,1699
307.jpg,3264,1836,pothole,2282,377,3264,696
307.jpg,3264,1836,pothole,1152,220,2267,499
307.jpg,3264,1836,pothole,169,16,1335,233
307.jpg,3264,1836,pothole,4,339,363,552
308.jpg,1368,768,pothole,928,399,1170,643
308.jpg,1368,768,pothole,369,336,893,566
309.jpg,1000,569,pothole,255,293,956,531
310.jpg,800,534,pothole,360,241,525,296
310.jpg,800,534,pothole,362,377,543,497
310.jpg,800,534,pothole,40,378,149,436
310.jpg,800,534,pothole,462,200,576,238
310.jpg,800,534,pothole,477,169,566,189
310.jpg,800,534,pothole,366,181,490,213
310.jpg,800,534,pothole,220,177,369,246
310.jpg,800,534,pothole,394,119,515,176
310.jpg,800,534,pothole,423,72,548,144
310.jpg,800,534,pothole,284,123,398,170
311.jpg,940,528,pothole,153,64,737,489
312.jpg,534,401,pothole,110,207,534,259
312.jpg,534,401,pothole,1,308,460,390
312.jpg,534,401,pothole,172,162,414,199
312.jpg,534,401,pothole,438,180,519,204
313.jpg,670,434,pothole,237,309,497,421
314.jpg,2592,1936,pothole,692,886,1065,1125
314.jpg,2592,1936,pothole,1157,841,1492,994
314.jpg,2592,1936,pothole,1206,1006,1479,1123
314.jpg,2592,1936,pothole,965,1443,1632,1886
314.jpg,2592,1936,pothole,1737,1249,2173,1553
314.jpg,2592,1936,pothole,2428,1288,2592,1478
314.jpg,2592,1936,pothole,1757,892,2404,1125
314.jpg,2592,1936,pothole,1918,755,2283,876
314.jpg,2592,1936,pothole,1575,521,2002,700
314.jpg,2592,1936,pothole,928,598,1204,655
314.jpg,2592,1936,pothole,1094,684,1310,741
314.jpg,2592,1936,pothole,957,521,1239,598
314.jpg,2592,1936,pothole,726,458,977,535
314.jpg,2592,1936,pothole,1288,386,1514,458
314.jpg,2592,1936,pothole,614,380,871,445
314.jpg,2592,1936,pothole,806,278,1418,396
314.jpg,2592,1936,pothole,561,217,730,266
314.jpg,2592,1936,pothole,596,278,790,323
314.jpg,2592,1936,pothole,924,172,1102,241
315.jpg,400,266,pothole,138,198,350,259
316.jpg,600,400,pothole,302,219,512,315
316.jpg,600,400,pothole,54,54,121,72
317.jpg,576,768,pothole,160,303,220,336
317.jpg,576,768,pothole,168,336,235,373
317.jpg,576,768,pothole,209,383,242,402
317.jpg,576,768,pothole,155,460,220,495
317.jpg,576,768,pothole,124,529,196,575
317.jpg,576,768,pothole,168,547,331,679
317.jpg,576,768,pothole,332,498,404,559
317.jpg,576,768,pothole,14,175,57,187
317.jpg,576,768,pothole,291,310,321,332
317.jpg,576,768,pothole,364,427,450,503
317.jpg,576,768,pothole,441,307,480,335
317.jpg,576,768,pothole,481,347,509,360
317.jpg,576,768,pothole,509,327,540,342
317.jpg,576,768,pothole,399,284,488,301
317.jpg,576,768,pothole,291,186,388,251
318.jpg,647,404,pothole,53,276,425,382
319.jpg,1200,800,pothole,192,38,1129,773
320.jpg,620,387,pothole,50,31,577,377
321.jpg,968,681,pothole,275,316,707,437
321.jpg,968,681,pothole,36,425,968,674
321.jpg,968,681,pothole,643,300,886,387
322.jpg,400,225,pothole,178,111,394,194
322.jpg,400,225,pothole,5,93,122,122
323.jpg,1100,733,pothole,87,176,188,210
323.jpg,1100,733,pothole,33,211,396,303
323.jpg,1100,733,pothole,61,295,1045,609
324.jpg,1299,861,pothole,172,286,1063,708
325.jpg,1000,539,pothole,293,57,630,220
325.jpg,1000,539,pothole,810,83,990,189
325.jpg,1000,539,pothole,760,156,856,200
325.jpg,1000,539,pothole,115,231,933,539
326.jpg,770,433,pothole,263,179,303,200
326.jpg,770,433,pothole,337,231,422,265
326.jpg,770,433,pothole,244,257,374,317
326.jpg,770,433,pothole,430,267,598,308
326.jpg,770,433,pothole,453,328,605,423
326.jpg,770,433,pothole,443,215,491,242
326.jpg,770,433,pothole,444,145,506,175
326.jpg,770,433,pothole,468,122,558,145
326.jpg,770,433,pothole,430,94,477,114
326.jpg,770,433,pothole,387,122,428,140
326.jpg,770,433,pothole,411,107,442,120
326.jpg,770,433,pothole,299,116,328,125
326.jpg,770,433,pothole,1,183,95,215
326.jpg,770,433,pothole,528,92,770,433
327.jpg,500,334,pothole,123,23,165,93
328.jpg,1140,500,pothole,108,40,1066,500
329.jpg,640,360,pothole,3,39,640,356
330.jpg,2800,1812,pothole,1110,1145,2288,1583
331.jpg,1280,720,pothole,67,200,1157,720
331.jpg,1280,720,pothole,536,439,815,720
331.jpg,1280,720,pothole,784,359,1127,600
331.jpg,1280,720,pothole,707,114,1030,200
332.jpg,2400,1600,pothole,853,385,1293,543
332.jpg,2400,1600,pothole,912,758,1927,1600
333.jpg,800,600,pothole,526,157,753,297
333.jpg,800,600,pothole,413,26,593,142
334.jpg,1368,768,pothole,351,432,1354,768
335.jpg,420,315,pothole,178,91,221,113
335.jpg,420,315,pothole,152,136,244,237
336.jpg,845,563,pothole,177,148,790,535
337.jpg,1024,683,pothole,238,229,721,357
338.jpg,480,360,pothole,78,61,400,286
339.jpg,225,150,pothole,73,62,148,103
340.jpg,1024,682,pothole,508,336,756,394
340.jpg,1024,682,pothole,837,424,1017,492
341.jpg,640,360,pothole,1,118,640,249
342.jpg,770,433,pothole,151,171,770,433
343.jpg,400,300,pothole,78,14,336,300
344.jpg,1780,1002,pothole,564,262,1432,1002
345.jpg,770,470,pothole,139,67,748,368
345.jpg,770,470,pothole,27,177,192,240
346.jpg,1024,680,pothole,564,136,588,144
346.jpg,1024,680,pothole,519,166,645,177
346.jpg,1024,680,pothole,523,177,613,188
346.jpg,1024,680,pothole,539,186,658,204
346.jpg,1024,680,pothole,550,207,672,226
346.jpg,1024,680,pothole,481,207,549,233
346.jpg,1024,680,pothole,583,227,741,248
346.jpg,1024,680,pothole,728,241,914,293
346.jpg,1024,680,pothole,681,264,797,303
346.jpg,1024,680,pothole,513,249,642,286
346.jpg,1024,680,pothole,492,305,645,358
346.jpg,1024,680,pothole,672,362,811,417
346.jpg,1024,680,pothole,666,310,714,333
346.jpg,1024,680,pothole,904,307,1024,383
346.jpg,1024,680,pothole,848,389,1004,470
346.jpg,1024,680,pothole,447,386,604,476
346.jpg,1024,680,pothole,391,488,644,680
346.jpg,1024,680,pothole,260,381,407,674
347.jpg,840,373,pothole,180,171,310,201
347.jpg,840,373,pothole,169,257,819,369
347.jpg,840,373,pothole,10,278,202,326
347.jpg,840,373,pothole,465,148,557,174
347.jpg,840,373,pothole,353,215,519,257
347.jpg,840,373,pothole,534,173,773,254
347.jpg,840,373,pothole,563,93,664,121
348.jpg,640,426,pothole,124,214,481,355
348.jpg,640,426,pothole,370,159,409,169
348.jpg,640,426,pothole,418,170,527,209
348.jpg,640,426,pothole,590,272,640,311
349.jpg,784,441,pothole,226,174,376,243
349.jpg,784,441,pothole,258,296,399,429
349.jpg,784,441,pothole,435,224,733,364
349.jpg,784,441,pothole,390,161,459,186
349.jpg,784,441,pothole,287,132,380,161
349.jpg,784,441,pothole,450,104,563,135
349.jpg,784,441,pothole,276,87,364,112
349.jpg,784,441,pothole,313,104,420,129
349.jpg,784,441,pothole,263,70,336,93
350.jpg,400,253,pothole,141,88,284,180
350.jpg,400,253,pothole,183,30,232,51
351.jpg,534,401,pothole,76,102,363,223
352.jpg,740,385,pothole,152,202,481,321
352.jpg,740,385,pothole,496,231,663,385
353.jpg,370,204,pothole,90,26,370,204
354.jpg,620,349,pothole,98,107,543,328
355.jpg,320,240,pothole,1,36,318,198
356.jpg,620,349,pothole,3,58,620,349
357.jpg,1280,720,pothole,4,205,347,358
357.jpg,1280,720,pothole,570,417,682,467
357.jpg,1280,720,pothole,682,496,922,614
357.jpg,1280,720,pothole,978,564,1280,720
357.jpg,1280,720,pothole,955,464,1102,535
357.jpg,1280,720,pothole,841,367,985,428
357.jpg,1280,720,pothole,766,258,855,292
357.jpg,1280,720,pothole,723,296,823,339
357.jpg,1280,720,pothole,634,327,780,426
357.jpg,1280,720,pothole,395,362,557,452
357.jpg,1280,720,pothole,282,457,514,720
357.jpg,1280,720,pothole,11,438,217,560
357.jpg,1280,720,pothole,380,267,565,329
357.jpg,1280,720,pothole,580,262,693,320
357.jpg,1280,720,pothole,608,213,714,282
357.jpg,1280,720,pothole,484,196,578,239
357.jpg,1280,720,pothole,595,143,685,196
358.jpg,405,363,pothole,22,135,186,185
358.jpg,405,363,pothole,71,184,158,221
358.jpg,405,363,pothole,166,203,238,255
358.jpg,405,363,pothole,49,268,196,346
358.jpg,405,363,pothole,263,143,307,179
358.jpg,405,363,pothole,317,86,393,123
358.jpg,405,363,pothole,208,87,262,114
358.jpg,405,363,pothole,126,85,191,110
358.jpg,405,363,pothole,281,48,353,87
358.jpg,405,363,pothole,130,58,193,79
359.jpg,2000,1329,pothole,627,610,1141,736
359.jpg,2000,1329,pothole,1485,435,1860,547
359.jpg,2000,1329,pothole,541,717,1851,1258
360.jpg,1280,720,pothole,247,238,499,313
360.jpg,1280,720,pothole,731,330,833,385
360.jpg,1280,720,pothole,669,255,1055,339
360.jpg,1280,720,pothole,932,304,1280,516
360.jpg,1280,720,pothole,704,477,803,542
360.jpg,1280,720,pothole,176,291,652,529
360.jpg,1280,720,pothole,539,173,709,286
360.jpg,1280,720,pothole,837,224,909,246
361.jpg,660,466,pothole,17,126,362,193
361.jpg,660,466,pothole,197,269,348,353
361.jpg,660,466,pothole,414,291,538,466
361.jpg,660,466,pothole,384,212,541,271
361.jpg,660,466,pothole,341,163,450,196
362.jpg,960,547,pothole,469,261,960,398
362.jpg,960,547,pothole,334,287,507,385
362.jpg,960,547,pothole,147,264,270,358
362.jpg,960,547,pothole,131,367,270,425
362.jpg,960,547,pothole,1,310,75,407
362.jpg,960,547,pothole,297,255,506,297
362.jpg,960,547,pothole,355,210,474,231
362.jpg,960,547,pothole,51,279,132,315
363.jpg,800,477,pothole,95,303,384,424
363.jpg,800,477,pothole,479,281,587,325
364.jpg,800,598,pothole,115,228,800,446
365.jpg,1000,750,pothole,450,400,576,478
365.jpg,1000,750,pothole,418,495,1000,635
366.jpg,1024,687,pothole,466,266,925,454
366.jpg,1024,687,pothole,106,431,526,612
367.jpg,1000,638,pothole,100,267,796,632
367.jpg,1000,638,pothole,366,109,900,278
367.jpg,1000,638,pothole,899,192,1000,378
368.jpg,1632,1224,pothole,120,448,1197,1088
368.jpg,1632,1224,pothole,865,233,1156,314
369.jpg,1280,720,pothole,460,382,577,437
369.jpg,1280,720,pothole,1119,312,1279,365
369.jpg,1280,720,pothole,589,265,676,297
370.jpg,647,363,pothole,25,143,84,193
370.jpg,647,363,pothole,102,157,167,226
370.jpg,647,363,pothole,58,212,112,268
370.jpg,647,363,pothole,189,230,239,268
370.jpg,647,363,pothole,180,196,229,229
370.jpg,647,363,pothole,199,130,269,188
370.jpg,647,363,pothole,267,115,355,169
370.jpg,647,363,pothole,165,193,420,344
370.jpg,647,363,pothole,389,113,484,183
370.jpg,647,363,pothole,458,209,553,317
370.jpg,647,363,pothole,532,171,642,275
370.jpg,647,363,pothole,523,94,647,170
370.jpg,647,363,pothole,540,43,588,92
370.jpg,647,363,pothole,499,178,530,203
370.jpg,647,363,pothole,19,268,79,304
371.jpg,615,410,pothole,28,156,221,210
371.jpg,615,410,pothole,67,234,406,397
371.jpg,615,410,pothole,369,201,615,269
371.jpg,615,410,pothole,62,72,199,125
372.jpg,449,290,pothole,92,224,152,250
372.jpg,449,290,pothole,130,55,186,71
373.jpg,450,296,pothole,39,91,450,179
374.jpg,727,485,pothole,155,168,693,485
375.jpg,660,440,pothole,345,300,475,395
375.jpg,660,440,pothole,424,284,505,321
375.jpg,660,440,pothole,520,281,577,303
375.jpg,660,440,pothole,249,379,321,419
375.jpg,660,440,pothole,177,267,291,364
376.jpg,670,440,pothole,248,48,670,440
376.jpg,670,440,pothole,129,124,207,161
376.jpg,670,440,pothole,190,158,245,188
376.jpg,670,440,pothole,196,195,251,225
376.jpg,670,440,pothole,86,189,153,220
376.jpg,670,440,pothole,80,225,133,245
376.jpg,670,440,pothole,100,270,143,294
376.jpg,670,440,pothole,2,199,52,228
376.jpg,670,440,pothole,13,222,69,247
376.jpg,670,440,pothole,60,152,90,173
376.jpg,670,440,pothole,80,115,109,130
376.jpg,670,440,pothole,19,68,157,114
376.jpg,670,440,pothole,146,35,172,55
376.jpg,670,440,pothole,175,11,213,37
376.jpg,670,440,pothole,243,29,293,61
376.jpg,670,440,pothole,376,23,426,55
376.jpg,670,440,pothole,487,22,529,43
376.jpg,670,440,pothole,538,23,575,44
376.jpg,670,440,pothole,446,1,526,16
376.jpg,670,440,pothole,652,16,670,33
376.jpg,670,440,pothole,345,1,398,11
376.jpg,670,440,pothole,245,1,372,38
376.jpg,670,440,pothole,71,1,134,38
376.jpg,670,440,pothole,1,4,29,48
376.jpg,670,440,pothole,35,317,99,349
376.jpg,670,440,pothole,145,356,230,417
377.jpg,800,600,pothole,360,293,731,542
378.jpg,620,413,pothole,48,54,569,313
379.jpg,1024,576,pothole,396,417,631,576
379.jpg,1024,576,pothole,575,332,686,427
379.jpg,1024,576,pothole,216,253,357,404
379.jpg,1024,576,pothole,442,56,660,363
379.jpg,1024,576,pothole,381,126,450,167
380.jpg,534,401,pothole,1,143,534,401
381.jpg,500,300,pothole,124,105,314,209
382.jpg,640,480,pothole,92,120,491,320
382.jpg,640,480,pothole,51,317,287,480
382.jpg,640,480,pothole,272,56,346,91
382.jpg,640,480,pothole,305,5,397,38
382.jpg,640,480,pothole,433,1,640,325
382.jpg,640,480,pothole,249,88,301,121
382.jpg,640,480,pothole,192,107,258,143
383.jpg,1280,720,pothole,382,391,567,430
383.jpg,1280,720,pothole,885,409,1280,549
383.jpg,1280,720,pothole,283,401,371,432
383.jpg,1280,720,pothole,85,450,349,525
383.jpg,1280,720,pothole,91,538,513,709
384.jpg,620,370,pothole,300,61,620,243
384.jpg,620,370,pothole,2,83,295,340
385.jpg,1200,939,pothole,259,582,861,886
386.jpg,1300,866,pothole,75,331,465,528
386.jpg,1300,866,pothole,719,316,938,394
386.jpg,1300,866,pothole,902,374,1299,464
386.jpg,1300,866,pothole,854,169,1180,267
387.jpg,800,533,pothole,276,253,689,533
388.jpg,525,350,pothole,151,144,523,350
389.jpg,303,446,pothole,65,265,218,410
390.jpg,1280,720,pothole,114,285,1280,661
390.jpg,1280,720,pothole,306,128,1280,316
391.jpg,300,196,pothole,16,47,250,187
391.jpg,300,196,pothole,241,4,300,44
392.jpg,800,600,pothole,168,194,652,588
393.jpg,980,653,pothole,123,301,545,624
394.jpg,800,363,pothole,164,56,745,301
395.jpg,1580,1036,pothole,138,257,1493,971
396.jpg,600,450,pothole,302,304,426,445
396.jpg,600,450,pothole,385,280,600,446
396.jpg,600,450,pothole,36,134,520,450
397.jpg,700,525,pothole,249,234,467,339
397.jpg,700,525,pothole,136,138,290,172
397.jpg,700,525,pothole,479,121,613,159
397.jpg,700,525,pothole,485,96,644,525
398.jpg,1200,800,pothole,559,502,770,582
398.jpg,1200,800,pothole,590,603,782,666
398.jpg,1200,800,pothole,706,673,1098,800
398.jpg,1200,800,pothole,1027,573,1161,632
398.jpg,1200,800,pothole,1114,535,1195,570
398.jpg,1200,800,pothole,888,531,1040,575
398.jpg,1200,800,pothole,118,531,347,681
398.jpg,1200,800,pothole,445,460,737,517
398.jpg,1200,800,pothole,695,408,1200,535
399.jpg,647,363,pothole,254,140,349,176
399.jpg,647,363,pothole,444,175,536,208
399.jpg,647,363,pothole,488,206,604,249
399.jpg,647,363,pothole,588,178,647,206
399.jpg,647,363,pothole,609,212,647,236
399.jpg,647,363,pothole,159,157,227,178
399.jpg,647,363,pothole,103,171,212,199
399.jpg,647,363,pothole,1,195,305,363
399.jpg,647,363,pothole,341,93,446,203
399.jpg,647,363,pothole,488,141,539,158
399.jpg,647,363,pothole,437,117,491,138
399.jpg,647,363,pothole,230,115,286,132
400.jpg,615,409,pothole,64,1,550,371
401.jpg,625,352,pothole,130,60,227,108
401.jpg,625,352,pothole,183,121,618,352
401.jpg,625,352,pothole,215,82,348,153
402.jpg,590,350,pothole,89,37,524,312
403.jpg,727,485,pothole,14,269,613,483
403.jpg,727,485,pothole,250,188,533,271
403.jpg,727,485,pothole,456,169,635,242
403.jpg,727,485,pothole,158,149,444,191
404.jpg,660,360,pothole,12,183,191,278
404.jpg,660,360,pothole,128,278,215,315
404.jpg,660,360,pothole,330,145,525,217
404.jpg,660,360,pothole,479,86,558,154
404.jpg,660,360,pothole,556,96,609,130
404.jpg,660,360,pothole,545,156,600,178
404.jpg,660,360,pothole,550,212,595,243
404.jpg,660,360,pothole,245,218,642,350
405.jpg,647,363,pothole,165,235,242,268
405.jpg,647,363,pothole,262,290,374,328
405.jpg,647,363,pothole,178,201,242,230
406.jpg,1080,675,pothole,18,293,574,675
406.jpg,1080,675,pothole,365,200,1080,302
406.jpg,1080,675,pothole,532,155,794,189
406.jpg,1080,675,pothole,625,128,726,146
407.jpg,859,705,pothole,441,302,668,388
407.jpg,859,705,pothole,431,490,690,668
407.jpg,859,705,pothole,12,495,138,576
407.jpg,859,705,pothole,290,211,434,314
407.jpg,859,705,pothole,571,252,726,303
407.jpg,859,705,pothole,420,206,501,235
407.jpg,859,705,pothole,452,227,612,271
407.jpg,859,705,pothole,601,208,727,244
407.jpg,859,705,pothole,539,186,646,210
407.jpg,859,705,pothole,520,206,583,230
407.jpg,859,705,pothole,504,171,602,198
407.jpg,859,705,pothole,507,151,569,173
407.jpg,859,705,pothole,577,143,644,162
407.jpg,859,705,pothole,323,246,428,270
408.jpg,400,225,pothole,2,35,398,172
409.jpg,1299,857,pothole,243,365,719,696
410.jpg,730,440,pothole,226,170,395,210
410.jpg,730,440,pothole,358,277,711,343
410.jpg,730,440,pothole,55,194,355,284
410.jpg,730,440,pothole,323,102,423,120
410.jpg,730,440,pothole,391,71,507,87
411.jpg,800,600,pothole,16,188,702,492
412.jpg,670,441,pothole,126,200,214,261
412.jpg,670,441,pothole,106,276,220,343
412.jpg,670,441,pothole,228,314,312,376
412.jpg,670,441,pothole,427,367,531,433
412.jpg,670,441,pothole,75,45,670,197
413.jpg,400,225,pothole,227,66,376,122
414.jpg,660,430,pothole,413,315,554,393
414.jpg,660,430,pothole,484,246,618,318
414.jpg,660,430,pothole,45,211,360,336
414.jpg,660,430,pothole,12,327,165,402
414.jpg,660,430,pothole,192,314,304,412
415.jpg,800,400,pothole,1,63,586,378
416.jpg,720,480,pothole,189,235,464,320
416.jpg,720,480,pothole,287,193,479,237
416.jpg,720,480,pothole,513,171,610,209
416.jpg,720,480,pothole,590,225,720,300
416.jpg,720,480,pothole,1,351,247,463
416.jpg,720,480,pothole,383,168,438,193
417.jpg,800,450,pothole,3,242,318,408
418.jpg,1280,720,pothole,543,286,991,577
418.jpg,1280,720,pothole,1026,167,1235,720
419.jpg,962,480,pothole,474,327,835,462
419.jpg,962,480,pothole,135,80,223,106
419.jpg,962,480,pothole,44,32,174,52
420.jpg,634,422,pothole,191,164,344,199
420.jpg,634,422,pothole,375,144,634,203
420.jpg,634,422,pothole,4,238,634,422
421.jpg,450,295,pothole,47,71,295,164
422.jpg,1295,843,pothole,100,290,360,411
422.jpg,1295,843,pothole,127,451,415,616
422.jpg,1295,843,pothole,451,472,764,622
422.jpg,1295,843,pothole,700,245,889,365
422.jpg,1295,843,pothole,295,243,534,338
422.jpg,1295,843,pothole,74,607,498,750
422.jpg,1295,843,pothole,599,9,1295,286
423.jpg,756,378,pothole,146,262,237,303
423.jpg,756,378,pothole,238,165,578,377
423.jpg,756,378,pothole,360,117,521,188
423.jpg,756,378,pothole,1,223,112,316
424.jpg,735,490,pothole,120,242,515,490
425.jpg,1368,856,pothole,402,400,1036,767
426.jpg,633,380,pothole,126,168,437,293
426.jpg,633,380,pothole,405,283,507,309
426.jpg,633,380,pothole,36,225,227,327
427.jpg,1066,1537,pothole,192,750,764,1437
427.jpg,1066,1537,pothole,569,758,1058,1202
427.jpg,1066,1537,pothole,379,384,690,642
428.jpg,3264,1836,pothole,648,792,3004,1405
428.jpg,3264,1836,pothole,412,588,1593,847
429.jpg,1299,857,pothole,1,272,1299,743
429.jpg,1299,857,pothole,1,22,906,219
430.jpg,400,267,pothole,295,71,371,99
430.jpg,400,267,pothole,302,94,352,130
430.jpg,400,267,pothole,75,106,277,267
431.jpg,2000,1404,pothole,297,772,753,967
431.jpg,2000,1404,pothole,773,910,1163,1075
431.jpg,2000,1404,pothole,547,1116,866,1344
431.jpg,2000,1404,pothole,1356,1297,1608,1404
431.jpg,2000,1404,pothole,1325,656,1629,765
431.jpg,2000,1404,pothole,1531,607,1631,669
431.jpg,2000,1404,pothole,1279,531,1489,632
431.jpg,2000,1404,pothole,45,631,267,715
431.jpg,2000,1404,pothole,248,670,450,759
431.jpg,2000,1404,pothole,360,579,922,717
431.jpg,2000,1404,pothole,397,528,525,588
431.jpg,2000,1404,pothole,558,532,644,579
431.jpg,2000,1404,pothole,1416,472,1603,535
431.jpg,2000,1404,pothole,1833,688,2000,804
432.jpg,1280,860,pothole,385,252,608,312
432.jpg,1280,860,pothole,621,276,966,345
432.jpg,1280,860,pothole,813,363,1066,436
432.jpg,1280,860,pothole,558,415,772,498
432.jpg,1280,860,pothole,480,591,965,860
432.jpg,1280,860,pothole,7,399,276,860
433.jpg,696,385,pothole,43,197,540,385
433.jpg,696,385,pothole,377,114,679,238
434.jpg,800,597,pothole,268,164,712,545
435.jpg,600,445,pothole,74,173,316,296
435.jpg,600,445,pothole,365,211,598,295
435.jpg,600,445,pothole,65,304,327,445
435.jpg,600,445,pothole,508,298,600,445
436.jpg,759,422,pothole,299,152,395,264
436.jpg,759,422,pothole,436,294,529,401
436.jpg,759,422,pothole,556,43,682,240
436.jpg,759,422,pothole,682,1,759,102
436.jpg,759,422,pothole,331,288,406,344
436.jpg,759,422,pothole,502,227,596,287
437.jpg,1410,520,pothole,497,415,852,520
437.jpg,1410,520,pothole,753,382,1323,474
437.jpg,1410,520,pothole,1079,345,1217,389
437.jpg,1410,520,pothole,665,299,887,350
437.jpg,1410,520,pothole,373,341,757,425
437.jpg,1410,520,pothole,193,378,408,459
437.jpg,1410,520,pothole,422,234,604,274
437.jpg,1410,520,pothole,561,160,773,197
437.jpg,1410,520,pothole,797,204,934,233
437.jpg,1410,520,pothole,899,235,1011,259
437.jpg,1410,520,pothole,936,132,1073,164
438.jpg,370,204,pothole,62,11,341,192
439.jpg,1024,683,pothole,463,436,683,653
439.jpg,1024,683,pothole,672,363,783,414
439.jpg,1024,683,pothole,864,316,934,374
440.jpg,1200,630,pothole,4,273,752,531
440.jpg,1200,630,pothole,889,236,1051,286
440.jpg,1200,630,pothole,778,262,1200,393
440.jpg,1200,630,pothole,944,451,1200,630
442.jpg,759,422,pothole,2,188,759,422
443.jpg,720,480,pothole,315,289,375,306
443.jpg,720,480,pothole,295,309,376,324
443.jpg,720,480,pothole,467,222,625,474
444.jpg,300,224,pothole,106,118,165,143
444.jpg,300,224,pothole,166,131,217,157
444.jpg,300,224,pothole,181,117,213,130
444.jpg,300,224,pothole,140,79,209,109
444.jpg,300,224,pothole,85,126,112,143
444.jpg,300,224,pothole,39,84,75,111
444.jpg,300,224,pothole,76,78,134,105
444.jpg,300,224,pothole,27,109,61,130
444.jpg,300,224,pothole,1,57,41,104
444.jpg,300,224,pothole,46,53,87,75
444.jpg,300,224,pothole,163,57,233,86
444.jpg,300,224,pothole,227,67,284,99
444.jpg,300,224,pothole,211,94,294,129
444.jpg,300,224,pothole,56,141,300,224
444.jpg,300,224,pothole,213,48,280,69
444.jpg,300,224,pothole,237,29,258,37
444.jpg,300,224,pothole,218,32,236,38
444.jpg,300,224,pothole,197,30,214,39
444.jpg,300,224,pothole,1,7,136,56
444.jpg,300,224,pothole,125,36,187,55
445.jpg,1080,675,pothole,241,210,890,565
446.jpg,720,280,pothole,193,77,496,215
447.jpg,590,350,pothole,69,150,175,188
447.jpg,590,350,pothole,255,154,309,174
447.jpg,590,350,pothole,220,139,271,151
447.jpg,590,350,pothole,284,141,336,154
447.jpg,590,350,pothole,283,108,420,137
447.jpg,590,350,pothole,6,182,380,337
447.jpg,590,350,pothole,269,201,429,276
447.jpg,590,350,pothole,333,156,461,189
447.jpg,590,350,pothole,464,98,589,155
449.jpg,750,422,pothole,244,221,351,303
449.jpg,750,422,pothole,282,340,449,421
449.jpg,750,422,pothole,360,195,441,226
450.jpg,1024,682,pothole,583,430,694,486
450.jpg,1024,682,pothole,571,567,717,621
450.jpg,1024,682,pothole,439,486,540,590
450.jpg,1024,682,pothole,507,362,656,442
450.jpg,1024,682,pothole,290,451,429,497
450.jpg,1024,682,pothole,315,636,421,672
451.jpg,1300,866,pothole,257,550,426,618
451.jpg,1300,866,pothole,438,565,743,840
452.jpg,800,600,pothole,112,150,721,422
453.jpg,1489,973,pothole,139,245,991,554
454.jpg,1632,1224,pothole,337,574,1632,1104
455.jpg,652,367,pothole,152,225,603,295
456.jpg,2400,1600,pothole,813,1010,1537,1385
457.jpg,1050,698,pothole,205,427,807,577
457.jpg,1050,698,pothole,92,537,239,592
457.jpg,1050,698,pothole,198,621,379,691
457.jpg,1050,698,pothole,855,460,973,501
457.jpg,1050,698,pothole,626,487,962,698
457.jpg,1050,698,pothole,323,381,444,403
458.jpg,330,244,pothole,1,69,330,224
459.jpg,1599,1057,pothole,275,157,1590,1015
460.jpg,684,340,pothole,61,94,510,340
461.jpg,1368,768,pothole,404,394,1054,672
462.jpg,875,492,pothole,362,240,626,318
462.jpg,875,492,pothole,415,314,683,402
462.jpg,875,492,pothole,468,422,875,492
462.jpg,875,492,pothole,587,264,739,307
463.jpg,1287,849,pothole,520,375,857,490
463.jpg,1287,849,pothole,973,406,1258,518
463.jpg,1287,849,pothole,412,154,678,232
464.jpg,640,480,pothole,99,103,516,311
465.jpg,1289,853,pothole,208,232,977,711
466.jpg,280,220,pothole,137,148,238,198
467.jpg,400,249,pothole,77,39,306,193
468.jpg,750,422,pothole,336,236,628,420
469.jpg,1400,932,pothole,458,269,1231,430
470.jpg,337,448,pothole,27,181,282,410
470.jpg,337,448,pothole,104,91,237,162
470.jpg,337,448,pothole,98,26,285,89
471.jpg,600,338,pothole,14,123,580,295
472.jpg,243,330,pothole,74,148,183,188
472.jpg,243,330,pothole,75,228,196,310
472.jpg,243,330,pothole,138,120,212,145
472.jpg,243,330,pothole,157,100,209,117
472.jpg,243,330,pothole,95,109,157,133
472.jpg,243,330,pothole,10,107,88,152
472.jpg,243,330,pothole,95,79,188,110
472.jpg,243,330,pothole,136,61,201,87
473.jpg,660,371,pothole,155,150,615,371
474.jpg,763,522,pothole,85,204,178,244
474.jpg,763,522,pothole,143,219,298,281
474.jpg,763,522,pothole,86,298,645,522
474.jpg,763,522,pothole,187,147,280,171
474.jpg,763,522,pothole,295,151,404,184
475.jpg,918,506,pothole,1,197,231,327
475.jpg,918,506,pothole,159,323,572,415
475.jpg,918,506,pothole,345,221,599,292
476.jpg,1440,810,pothole,815,91,1050,209
476.jpg,1440,810,pothole,529,558,817,713
477.jpg,600,290,pothole,331,122,415,156
477.jpg,600,290,pothole,478,188,541,238
477.jpg,600,290,pothole,519,164,600,198
477.jpg,600,290,pothole,531,151,587,167
477.jpg,600,290,pothole,391,112,446,134
477.jpg,600,290,pothole,10,134,231,277
477.jpg,600,290,pothole,249,111,329,153
478.jpg,700,400,pothole,268,182,643,400
478.jpg,700,400,pothole,486,42,626,120
478.jpg,700,400,pothole,206,39,423,152
478.jpg,700,400,pothole,23,172,198,289
479.jpg,1200,675,pothole,106,200,441,330
479.jpg,1200,675,pothole,54,334,577,607
479.jpg,1200,675,pothole,621,365,845,522
479.jpg,1200,675,pothole,791,182,941,250
479.jpg,1200,675,pothole,778,282,934,334
479.jpg,1200,675,pothole,493,234,753,344
479.jpg,1200,675,pothole,486,146,638,200
479.jpg,1200,675,pothole,864,142,1027,213
479.jpg,1200,675,pothole,908,110,1033,161
479.jpg,1200,675,pothole,726,99,865,171
479.jpg,1200,675,pothole,592,100,688,144
479.jpg,1200,675,pothole,415,116,539,165
480.jpg,647,404,pothole,334,152,427,202
480.jpg,647,404,pothole,379,237,595,354
480.jpg,647,404,pothole,253,151,310,177
480.jpg,647,404,pothole,17,166,176,235
480.jpg,647,404,pothole,69,122,196,167
480.jpg,647,404,pothole,179,108,231,139
480.jpg,647,404,pothole,225,145,264,158
480.jpg,647,404,pothole,252,278,463,404
480.jpg,647,404,pothole,512,351,624,404
480.jpg,647,404,pothole,98,240,182,272
480.jpg,647,404,pothole,1,240,45,268
480.jpg,647,404,pothole,307,89,403,150
481.jpg,800,600,pothole,36,242,465,401
481.jpg,800,600,pothole,495,142,741,477
482.jpg,1280,960,pothole,307,205,933,634
483.jpg,1200,900,pothole,190,496,792,685
483.jpg,1200,900,pothole,616,240,1009,363
484.jpg,450,140,pothole,193,24,450,122
485.jpg,1600,1067,pothole,693,598,1428,1056
485.jpg,1600,1067,pothole,650,500,889,596
485.jpg,1600,1067,pothole,736,374,1005,434
485.jpg,1600,1067,pothole,828,303,1013,380
486.jpg,784,441,pothole,337,237,453,276
486.jpg,784,441,pothole,238,286,438,349
486.jpg,784,441,pothole,424,301,637,420
486.jpg,784,441,pothole,603,238,721,328
486.jpg,784,441,pothole,138,374,273,418
486.jpg,784,441,pothole,153,216,232,242
486.jpg,784,441,pothole,62,242,146,270
487.jpg,400,225,pothole,1,67,399,184
488.jpg,1024,683,pothole,264,299,331,333
488.jpg,1024,683,pothole,417,204,497,231
488.jpg,1024,683,pothole,593,265,693,304
488.jpg,1024,683,pothole,625,188,722,228
488.jpg,1024,683,pothole,481,179,533,197
489.jpg,448,299,pothole,85,80,227,134
490.jpg,800,381,pothole,86,172,580,292
491.jpg,1059,1585,pothole,774,407,1049,520
491.jpg,1059,1585,pothole,699,557,877,634
491.jpg,1059,1585,pothole,4,549,567,1007
492.jpg,759,422,pothole,9,203,759,377
492.jpg,759,422,pothole,607,135,759,215
493.jpg,2592,1944,pothole,273,957,700,1182
493.jpg,2592,1944,pothole,863,913,2118,1668
494.jpg,619,395,pothole,163,187,424,333
494.jpg,619,395,pothole,427,268,496,320
495.jpg,576,768,pothole,158,312,238,375
495.jpg,576,768,pothole,138,532,196,574
495.jpg,576,768,pothole,163,555,344,675
495.jpg,576,768,pothole,160,463,212,501
495.jpg,576,768,pothole,289,311,322,335
495.jpg,576,768,pothole,396,272,576,444
496.jpg,535,328,pothole,51,186,535,327
497.jpg,2287,1388,pothole,528,207,2241,1385
498.jpg,1000,619,pothole,219,306,749,618
499.jpg,768,432,pothole,372,302,651,397
499.jpg,768,432,pothole,407,229,560,271
499.jpg,768,432,pothole,512,217,653,263
500.jpg,690,920,pothole,104,235,615,913
501.jpg,634,435,pothole,40,122,592,315
502.jpg,485,382,pothole,162,219,391,301
502.jpg,485,382,pothole,17,281,240,376
502.jpg,485,382,pothole,219,156,362,183
502.jpg,485,382,pothole,324,137,369,159
503.jpg,800,600,pothole,187,187,475,394
503.jpg,800,600,pothole,447,165,583,281
503.jpg,800,600,pothole,590,271,777,366
503.jpg,800,600,pothole,5,411,270,565
503.jpg,800,600,pothole,244,73,382,136
503.jpg,800,600,pothole,418,92,524,147
503.jpg,800,600,pothole,534,75,660,132
503.jpg,800,600,pothole,210,7,429,77
503.jpg,800,600,pothole,418,59,520,99
504.jpg,960,543,pothole,231,196,399,305
504.jpg,960,543,pothole,262,310,440,401
504.jpg,960,543,pothole,409,214,716,328
504.jpg,960,543,pothole,608,300,753,394
504.jpg,960,543,pothole,693,140,960,246
504.jpg,960,543,pothole,809,246,960,423
504.jpg,960,543,pothole,624,52,960,161
504.jpg,960,543,pothole,3,154,220,538
504.jpg,960,543,pothole,260,433,370,504
504.jpg,960,543,pothole,226,156,304,194
504.jpg,960,543,pothole,282,61,594,189
504.jpg,960,543,pothole,275,8,411,44
505.jpg,620,349,pothole,82,246,288,348
506.jpg,1138,751,pothole,618,264,813,353
507.jpg,550,319,pothole,213,44,405,319
508.jpg,720,480,pothole,574,336,626,374
509.jpg,500,449,pothole,123,299,435,445
509.jpg,500,449,pothole,208,242,440,303
509.jpg,500,449,pothole,270,200,444,255
510.jpg,3200,1680,pothole,204,1123,2314,1593
511.jpg,660,474,pothole,223,299,421,391
511.jpg,660,474,pothole,71,399,306,453
512.jpg,565,400,pothole,135,198,521,337
513.jpg,518,450,pothole,103,165,450,442
513.jpg,518,450,pothole,216,63,331,129
514.jpg,690,471,pothole,22,164,519,426
515.jpg,980,653,pothole,18,132,856,653
516.jpg,960,626,pothole,70,25,893,567
517.jpg,694,488,pothole,163,236,544,488
518.jpg,715,476,pothole,203,293,520,476
519.jpg,1000,665,pothole,230,258,690,473
519.jpg,1000,665,pothole,693,188,801,236
520.jpg,3000,1994,pothole,839,875,1741,1123
520.jpg,3000,1994,pothole,975,1069,2731,1784
520.jpg,3000,1994,pothole,2271,621,2798,811
520.jpg,3000,1994,pothole,827,513,1550,728
520.jpg,3000,1994,pothole,1498,405,2714,878
521.jpg,590,350,pothole,68,106,492,313
522.jpg,590,350,pothole,5,213,359,329
522.jpg,590,350,pothole,239,189,366,221
522.jpg,590,350,pothole,215,167,309,190
522.jpg,590,350,pothole,365,174,431,188
522.jpg,590,350,pothole,305,147,346,164
522.jpg,590,350,pothole,330,158,391,177
522.jpg,590,350,pothole,389,128,474,152
522.jpg,590,350,pothole,347,141,424,162
522.jpg,590,350,pothole,317,121,393,137
523.jpg,800,570,pothole,107,126,743,565
524.jpg,1024,682,pothole,378,458,747,638
525.jpg,768,512,pothole,276,261,705,495
526.jpg,1280,868,pothole,584,384,837,496
526.jpg,1280,868,pothole,524,608,909,819
526.jpg,1280,868,pothole,731,330,917,380
526.jpg,1280,868,pothole,618,284,764,352
526.jpg,1280,868,pothole,776,258,903,315
526.jpg,1280,868,pothole,704,244,807,286
526.jpg,1280,868,pothole,674,223,745,256
526.jpg,1280,868,pothole,391,283,581,404
526.jpg,1280,868,pothole,74,619,207,707
526.jpg,1280,868,pothole,536,212,630,241
527.jpg,1024,684,pothole,110,144,947,469
528.jpg,400,589,pothole,159,222,246,238
528.jpg,400,589,pothole,174,250,302,290
528.jpg,400,589,pothole,257,303,400,339
528.jpg,400,589,pothole,120,323,400,464
528.jpg,400,589,pothole,80,203,155,239
528.jpg,400,589,pothole,227,531,362,589
529.jpg,400,300,pothole,98,81,210,132
529.jpg,400,300,pothole,181,101,260,133
529.jpg,400,300,pothole,72,141,144,182
529.jpg,400,300,pothole,130,199,177,236
529.jpg,400,300,pothole,117,229,286,300
529.jpg,400,300,pothole,235,143,295,213
530.jpg,634,476,pothole,87,138,556,363
531.jpg,720,528,pothole,17,139,593,283
531.jpg,720,528,pothole,225,274,682,494
531.jpg,720,528,pothole,343,93,638,147
532.jpg,1024,683,pothole,22,220,1003,668
533.jpg,446,298,pothole,84,44,412,266
534.jpg,810,540,pothole,3,223,810,535
535.jpg,1024,671,pothole,351,331,531,440
535.jpg,1024,671,pothole,517,480,839,671
535.jpg,1024,671,pothole,409,249,544,307
535.jpg,1024,671,pothole,581,264,1024,472
535.jpg,1024,671,pothole,232,160,366,224
536.jpg,500,283,pothole,144,152,228,179
536.jpg,500,283,pothole,285,173,384,209
537.jpg,800,450,pothole,264,220,564,394
537.jpg,800,450,pothole,308,34,518,100
538.jpg,236,157,pothole,73,73,131,108
538.jpg,236,157,pothole,98,108,140,137
538.jpg,236,157,pothole,119,61,185,109
539.jpg,670,440,pothole,220,209,372,278
539.jpg,670,440,pothole,227,261,491,358
539.jpg,670,440,pothole,291,336,524,424
540.jpg,770,400,pothole,287,259,422,331
540.jpg,770,400,pothole,412,158,770,253
541.jpg,797,597,pothole,86,185,727,500
542.jpg,400,400,pothole,1,94,400,336
543.jpg,299,129,pothole,67,90,151,122
544.jpg,1200,627,pothole,160,176,638,424
544.jpg,1200,627,pothole,120,441,654,627
544.jpg,1200,627,pothole,729,235,1199,420
544.jpg,1200,627,pothole,1039,430,1200,611
545.jpg,1140,758,pothole,245,535,675,715
545.jpg,1140,758,pothole,535,374,833,525
545.jpg,1140,758,pothole,767,330,913,380
545.jpg,1140,758,pothole,917,190,1115,317
546.jpg,648,373,pothole,214,217,439,330
546.jpg,648,373,pothole,350,175,640,254
547.jpg,736,556,pothole,204,375,352,430
547.jpg,736,556,pothole,535,259,605,274
547.jpg,736,556,pothole,538,295,594,310
547.jpg,736,556,pothole,634,251,660,260
547.jpg,736,556,pothole,646,269,712,278
547.jpg,736,556,pothole,37,299,113,318
547.jpg,736,556,pothole,121,307,198,344
548.jpg,640,360,pothole,28,140,547,270
549.jpg,449,279,pothole,69,1,446,279
550.jpg,400,300,pothole,78,197,234,260
550.jpg,400,300,pothole,227,156,400,207
551.jpg,400,300,pothole,109,162,262,243
552.jpg,660,466,pothole,159,246,496,382
553.jpg,269,178,pothole,15,70,146,172
553.jpg,269,178,pothole,110,15,199,77
553.jpg,269,178,pothole,11,1,112,42
554.jpg,819,974,pothole,26,455,780,964
555.jpg,1300,867,pothole,673,632,1200,786
555.jpg,1300,867,pothole,145,653,436,776
555.jpg,1300,867,pothole,714,559,878,614
556.jpg,620,413,pothole,87,124,507,307
557.jpg,295,188,pothole,6,38,295,152
557.jpg,295,188,pothole,1,135,99,188
558.jpg,300,400,pothole,62,116,215,171
558.jpg,300,400,pothole,66,196,257,313
558.jpg,300,400,pothole,192,331,300,400
558.jpg,300,400,pothole,91,77,151,109
559.jpg,480,240,pothole,252,23,375,119
560.jpg,1264,842,pothole,615,484,839,573
560.jpg,1264,842,pothole,232,577,760,839
560.jpg,1264,842,pothole,650,429,843,471
561.jpg,326,434,pothole,95,89,238,136
561.jpg,326,434,pothole,16,218,300,431
561.jpg,326,434,pothole,184,54,246,85
561.jpg,326,434,pothole,74,64,137,85
561.jpg,326,434,pothole,107,46,199,82
562.jpg,400,300,pothole,3,1,400,300
563.jpg,432,286,pothole,71,195,234,286
563.jpg,432,286,pothole,253,117,425,168
564.jpg,1170,745,pothole,886,133,1170,329
564.jpg,1170,745,pothole,59,386,787,709
565.jpg,1440,810,pothole,729,332,1074,482
565.jpg,1440,810,pothole,896,133,1120,232
565.jpg,1440,810,pothole,578,501,975,633
565.jpg,1440,810,pothole,1113,430,1440,712
566.jpg,600,300,pothole,50,181,247,272
566.jpg,600,300,pothole,357,210,514,272
567.jpg,800,450,pothole,34,216,230,295
567.jpg,800,450,pothole,345,306,529,413
567.jpg,800,450,pothole,389,137,800,346
567.jpg,800,450,pothole,155,179,224,203
567.jpg,800,450,pothole,253,182,321,209
567.jpg,800,450,pothole,282,152,354,180
567.jpg,800,450,pothole,512,103,661,151
568.jpg,640,360,pothole,198,173,413,221
568.jpg,640,360,pothole,322,145,379,168
569.jpg,795,495,pothole,176,111,595,325
570.jpg,656,491,pothole,49,232,99,254
571.jpg,3200,1680,pothole,887,71,2777,1564
572.jpg,1024,1024,pothole,526,529,852,750
572.jpg,1024,1024,pothole,73,710,589,1010
572.jpg,1024,1024,pothole,657,886,974,1024
572.jpg,1024,1024,pothole,848,710,1024,839
572.jpg,1024,1024,pothole,831,402,966,501
572.jpg,1024,1024,pothole,952,496,1024,572
572.jpg,1024,1024,pothole,106,337,531,557
572.jpg,1024,1024,pothole,616,364,806,422
572.jpg,1024,1024,pothole,515,318,653,383
572.jpg,1024,1024,pothole,653,267,767,304
572.jpg,1024,1024,pothole,367,241,629,326
572.jpg,1024,1024,pothole,531,149,748,232
572.jpg,1024,1024,pothole,657,95,763,157
572.jpg,1024,1024,pothole,655,29,876,105
572.jpg,1024,1024,pothole,832,172,963,351
572.jpg,1024,1024,pothole,514,87,674,141
572.jpg,1024,1024,pothole,439,28,624,79
572.jpg,1024,1024,pothole,174,134,496,200
572.jpg,1024,1024,pothole,91,204,325,291
572.jpg,1024,1024,pothole,366,188,465,245
572.jpg,1024,1024,pothole,447,171,521,208
572.jpg,1024,1024,pothole,187,21,414,75
573.jpg,1400,817,pothole,9,446,1400,725
574.jpg,1295,869,pothole,249,139,1020,666
575.jpg,615,349,pothole,86,89,418,305
576.jpg,1600,900,pothole,1,391,1600,900
577.jpg,968,681,pothole,215,272,697,486
577.jpg,968,681,pothole,716,183,805,237
578.jpg,980,604,pothole,9,71,918,551
579.jpg,480,360,pothole,191,236,300,320
579.jpg,480,360,pothole,264,335,344,360
579.jpg,480,360,pothole,177,165,246,239
579.jpg,480,360,pothole,158,104,213,166
579.jpg,480,360,pothole,133,62,178,109
580.jpg,640,360,pothole,257,108,349,132
580.jpg,640,360,pothole,339,127,384,151
580.jpg,640,360,pothole,198,169,394,235
580.jpg,640,360,pothole,116,247,485,360
580.jpg,640,360,pothole,296,142,379,172
581.jpg,654,443,pothole,150,217,454,373
582.jpg,1295,823,pothole,391,250,1004,563
583.jpg,800,400,pothole,413,298,529,331
583.jpg,800,400,pothole,420,325,501,352
583.jpg,800,400,pothole,487,342,597,382
583.jpg,800,400,pothole,689,342,800,388
583.jpg,800,400,pothole,646,282,743,322
583.jpg,800,400,pothole,736,319,795,345
583.jpg,800,400,pothole,579,240,697,273
583.jpg,800,400,pothole,467,260,575,291
583.jpg,800,400,pothole,572,305,641,328
583.jpg,800,400,pothole,383,260,448,286
583.jpg,800,400,pothole,278,271,350,303
583.jpg,800,400,pothole,259,314,345,340
583.jpg,800,400,pothole,164,299,241,320
583.jpg,800,400,pothole,153,331,256,358
583.jpg,800,400,pothole,293,232,405,256
583.jpg,800,400,pothole,410,227,484,249
583.jpg,800,400,pothole,501,228,557,249
583.jpg,800,400,pothole,570,209,629,235
583.jpg,800,400,pothole,475,204,550,226
583.jpg,800,400,pothole,375,199,442,214
583.jpg,800,400,pothole,303,212,373,228
583.jpg,800,400,pothole,471,190,537,206
583.jpg,800,400,pothole,328,196,374,210
583.jpg,800,400,pothole,352,184,397,195
583.jpg,800,400,pothole,8,281,140,356
583.jpg,800,400,pothole,1,362,78,396
583.jpg,800,400,pothole,138,269,211,289
583.jpg,800,400,pothole,216,259,261,276
583.jpg,800,400,pothole,136,248,177,258
583.jpg,800,400,pothole,189,246,237,258
583.jpg,800,400,pothole,178,192,255,244
583.jpg,800,400,pothole,408,130,528,185
583.jpg,800,400,pothole,245,161,323,205
584.jpg,920,613,pothole,189,99,764,587
585.jpg,800,707,pothole,119,297,702,552
586.jpg,400,533,pothole,73,261,216,494
586.jpg,400,533,pothole,139,35,232,149
587.jpg,462,569,pothole,73,207,407,345
588.jpg,621,349,pothole,264,197,480,295
588.jpg,621,349,pothole,464,148,621,196
589.jpg,1024,683,pothole,351,348,705,527
589.jpg,1024,683,pothole,495,266,808,381
589.jpg,1024,683,pothole,708,181,898,266
589.jpg,1024,683,pothole,773,107,910,178
590.jpg,450,300,pothole,6,98,450,243
590.jpg,450,300,pothole,84,5,286,68
591.jpg,640,360,pothole,46,95,192,199
591.jpg,640,360,pothole,201,158,258,198
591.jpg,640,360,pothole,193,243,263,288
591.jpg,640,360,pothole,207,192,277,237
591.jpg,640,360,pothole,126,192,196,237
591.jpg,640,360,pothole,267,145,337,190
591.jpg,640,360,pothole,343,159,377,197
591.jpg,640,360,pothole,327,199,385,235
591.jpg,640,360,pothole,338,280,380,319
591.jpg,640,360,pothole,356,240,472,309
591.jpg,640,360,pothole,458,241,581,330
591.jpg,640,360,pothole,427,301,547,360
591.jpg,640,360,pothole,380,126,517,194
591.jpg,640,360,pothole,355,64,522,130
591.jpg,640,360,pothole,468,42,640,102
591.jpg,640,360,pothole,517,91,640,173
591.jpg,640,360,pothole,80,6,280,82
591.jpg,640,360,pothole,185,86,262,140
591.jpg,640,360,pothole,281,75,342,128
592.jpg,2400,1600,pothole,430,1052,677,1132
592.jpg,2400,1600,pothole,782,980,1330,1117
592.jpg,2400,1600,pothole,1402,1112,1878,1212
592.jpg,2400,1600,pothole,1660,1027,2400,1162
592.jpg,2400,1600,pothole,1880,1122,2173,1225
592.jpg,2400,1600,pothole,2107,1207,2400,1310
592.jpg,2400,1600,pothole,813,851,1106,954
592.jpg,2400,1600,pothole,608,928,901,1031
592.jpg,2400,1600,pothole,1180,902,1447,989
592.jpg,2400,1600,pothole,1463,922,1730,1009
592.jpg,2400,1600,pothole,2,1175,2400,1600
593.jpg,670,451,pothole,91,89,200,129
593.jpg,670,451,pothole,132,130,251,191
593.jpg,670,451,pothole,30,202,200,242
593.jpg,670,451,pothole,109,241,300,299
593.jpg,670,451,pothole,310,275,670,451
593.jpg,670,451,pothole,338,162,432,208
593.jpg,670,451,pothole,405,204,526,278
593.jpg,670,451,pothole,548,230,627,274
593.jpg,670,451,pothole,296,223,376,254
593.jpg,670,451,pothole,417,128,509,163
593.jpg,670,451,pothole,463,97,576,139
593.jpg,670,451,pothole,255,139,314,165
593.jpg,670,451,pothole,213,181,330,227
594.jpg,1440,810,pothole,472,524,863,727
594.jpg,1440,810,pothole,807,81,1092,222
594.jpg,1440,810,pothole,1039,671,1326,810
596.jpg,300,212,pothole,118,138,235,198
596.jpg,300,212,pothole,75,86,102,97
597.jpg,301,445,pothole,3,127,168,258
599.jpg,1300,866,pothole,468,348,878,440
599.jpg,1300,866,pothole,618,429,1300,571
599.jpg,1300,866,pothole,810,182,1300,427
599.jpg,1300,866,pothole,2,301,314,834
599.jpg,1300,866,pothole,2,129,131,270
600.jpg,1024,576,pothole,59,67,916,576
96.jpg,725,483,pothole,306,220,655,465
99.jpg,640,360,pothole,103,64,396,331
99.jpg,640,360,pothole,486,178,640,350
